-- infra/postgres/002_seed_dev.sql
-- Development seed data only — never run in production

-- ─────────────────────────────────────────────
-- Tenant
-- ─────────────────────────────────────────────
INSERT INTO tenants (id, name, plan) VALUES
  ('00000000-0000-0000-0000-000000000001', 'Acme Corp', 'api_key')
ON CONFLICT (id) DO NOTHING;

-- ─────────────────────────────────────────────
-- Users
-- ─────────────────────────────────────────────
INSERT INTO users (id, tenant_id, name, email, auth_type, api_key_hash, quota_scu, role, job_role, department)
VALUES
  (
    '00000000-0000-0000-0000-000000000010',
    '00000000-0000-0000-0000-000000000001',
    'Admin User', 'admin@acme.com', 'api_key',
    encode(sha256('totra-emp-dev-admin-key'), 'hex'),
    999999, 'admin', 'engineering-manager', 'platform'
  ),
  (
    '00000000-0000-0000-0000-000000000011',
    '00000000-0000-0000-0000-000000000001',
    'Alice Engineer', 'alice@acme.com', 'api_key',
    encode(sha256('totra-emp-dev-alice-key'), 'hex'),
    50000, 'standard', 'engineer', 'platform'
  ),
  (
    '00000000-0000-0000-0000-000000000012',
    '00000000-0000-0000-0000-000000000001',
    'Bob Developer', 'bob@acme.com', 'api_key',
    encode(sha256('totra-emp-dev-bob-key'), 'hex'),
    50000, 'standard', 'engineer', 'backend'
  )
ON CONFLICT (id) DO NOTHING;

-- ─────────────────────────────────────────────
-- Model config
-- ─────────────────────────────────────────────
INSERT INTO model_configs (id, tenant_id, name, provider, api_key_encrypted, base_url, scu_rate)
VALUES (
  '00000000-0000-0000-0000-000000000020',
  '00000000-0000-0000-0000-000000000001',
  'gpt-4o', 'openai', 'dev-openai-key', 'https://api.openai.com/v1', 2.0
)
ON CONFLICT (id) DO NOTHING;

-- ─────────────────────────────────────────────
-- Usage records
-- scu_cost = (prompt_tokens + completion_tokens) * 2.0 / 1000
-- usd_cost = scu_cost * 0.001
-- ─────────────────────────────────────────────

-- ══════════════════════════════════════════════
-- ALICE — MARCH 2026
-- 12 active days: 2,3,4,5,9,10,11,12,16,17,18,23
-- 5 conversations, 15 turns total
-- ══════════════════════════════════════════════

-- conv 301: Mar 2+3, 3 turns, prompt~450, completion~1350, OD~3.0
-- scu_cost per turn: (450+1350)*2.0/1000 = 3.6
INSERT INTO usage_records
  (id, tenant_id, user_id, model_config_id, conversation_id,
   prompt_tokens, completion_tokens, scu_cost, usd_cost, response_ms, request_at)
VALUES
  (gen_random_uuid(),
   '00000000-0000-0000-0000-000000000001',
   '00000000-0000-0000-0000-000000000011',
   '00000000-0000-0000-0000-000000000020',
   'aaaaaaaa-0000-0000-0000-000000000301',
   450, 1350, 3.6, 0.0036, 950, '2026-03-02 09:00:00+00'),
  (gen_random_uuid(),
   '00000000-0000-0000-0000-000000000001',
   '00000000-0000-0000-0000-000000000011',
   '00000000-0000-0000-0000-000000000020',
   'aaaaaaaa-0000-0000-0000-000000000301',
   455, 1345, 3.6, 0.0036, 980, '2026-03-02 10:30:00+00'),
  (gen_random_uuid(),
   '00000000-0000-0000-0000-000000000001',
   '00000000-0000-0000-0000-000000000011',
   '00000000-0000-0000-0000-000000000020',
   'aaaaaaaa-0000-0000-0000-000000000301',
   448, 1352, 3.6, 0.0036, 920, '2026-03-03 14:00:00+00');

-- conv 302: Mar 4+5, 4 turns, prompt~400, completion~1600, OD~4.0
-- scu_cost per turn: (400+1600)*2.0/1000 = 4.0
INSERT INTO usage_records
  (id, tenant_id, user_id, model_config_id, conversation_id,
   prompt_tokens, completion_tokens, scu_cost, usd_cost, response_ms, request_at)
VALUES
  (gen_random_uuid(),
   '00000000-0000-0000-0000-000000000001',
   '00000000-0000-0000-0000-000000000011',
   '00000000-0000-0000-0000-000000000020',
   'aaaaaaaa-0000-0000-0000-000000000302',
   400, 1600, 4.0, 0.004, 1100, '2026-03-04 09:00:00+00'),
  (gen_random_uuid(),
   '00000000-0000-0000-0000-000000000001',
   '00000000-0000-0000-0000-000000000011',
   '00000000-0000-0000-0000-000000000020',
   'aaaaaaaa-0000-0000-0000-000000000302',
   402, 1598, 4.0, 0.004, 1050, '2026-03-04 10:00:00+00'),
  (gen_random_uuid(),
   '00000000-0000-0000-0000-000000000001',
   '00000000-0000-0000-0000-000000000011',
   '00000000-0000-0000-0000-000000000020',
   'aaaaaaaa-0000-0000-0000-000000000302',
   398, 1602, 4.0, 0.004, 1080, '2026-03-05 09:30:00+00'),
  (gen_random_uuid(),
   '00000000-0000-0000-0000-000000000001',
   '00000000-0000-0000-0000-000000000011',
   '00000000-0000-0000-0000-000000000020',
   'aaaaaaaa-0000-0000-0000-000000000302',
   401, 1599, 4.0, 0.004, 1020, '2026-03-05 11:00:00+00');

-- conv 303: Mar 9+10+11, 3 turns, prompt~500, completion~1500, OD~3.0
-- scu_cost per turn: (500+1500)*2.0/1000 = 4.0
INSERT INTO usage_records
  (id, tenant_id, user_id, model_config_id, conversation_id,
   prompt_tokens, completion_tokens, scu_cost, usd_cost, response_ms, request_at)
VALUES
  (gen_random_uuid(),
   '00000000-0000-0000-0000-000000000001',
   '00000000-0000-0000-0000-000000000011',
   '00000000-0000-0000-0000-000000000020',
   'aaaaaaaa-0000-0000-0000-000000000303',
   500, 1500, 4.0, 0.004, 1000, '2026-03-09 09:00:00+00'),
  (gen_random_uuid(),
   '00000000-0000-0000-0000-000000000001',
   '00000000-0000-0000-0000-000000000011',
   '00000000-0000-0000-0000-000000000020',
   'aaaaaaaa-0000-0000-0000-000000000303',
   498, 1502, 4.0, 0.004, 1010, '2026-03-10 10:00:00+00'),
  (gen_random_uuid(),
   '00000000-0000-0000-0000-000000000001',
   '00000000-0000-0000-0000-000000000011',
   '00000000-0000-0000-0000-000000000020',
   'aaaaaaaa-0000-0000-0000-000000000303',
   502, 1498, 4.0, 0.004, 990, '2026-03-11 14:00:00+00');

-- conv 304: Mar 12+16+17, 3 turns, prompt~600, completion~1800, OD~3.0
-- scu_cost per turn: (600+1800)*2.0/1000 = 4.8
INSERT INTO usage_records
  (id, tenant_id, user_id, model_config_id, conversation_id,
   prompt_tokens, completion_tokens, scu_cost, usd_cost, response_ms, request_at)
VALUES
  (gen_random_uuid(),
   '00000000-0000-0000-0000-000000000001',
   '00000000-0000-0000-0000-000000000011',
   '00000000-0000-0000-0000-000000000020',
   'aaaaaaaa-0000-0000-0000-000000000304',
   600, 1800, 4.8, 0.0048, 1200, '2026-03-12 09:00:00+00'),
  (gen_random_uuid(),
   '00000000-0000-0000-0000-000000000001',
   '00000000-0000-0000-0000-000000000011',
   '00000000-0000-0000-0000-000000000020',
   'aaaaaaaa-0000-0000-0000-000000000304',
   598, 1802, 4.8, 0.0048, 1180, '2026-03-16 14:00:00+00'),
  (gen_random_uuid(),
   '00000000-0000-0000-0000-000000000001',
   '00000000-0000-0000-0000-000000000011',
   '00000000-0000-0000-0000-000000000020',
   'aaaaaaaa-0000-0000-0000-000000000304',
   602, 1798, 4.8, 0.0048, 1220, '2026-03-17 10:30:00+00');

-- conv 305: Mar 18+23, 2 turns, prompt~550, completion~1925, OD~3.5
-- scu_cost per turn: (550+1925)*2.0/1000 = 4.95
INSERT INTO usage_records
  (id, tenant_id, user_id, model_config_id, conversation_id,
   prompt_tokens, completion_tokens, scu_cost, usd_cost, response_ms, request_at)
VALUES
  (gen_random_uuid(),
   '00000000-0000-0000-0000-000000000001',
   '00000000-0000-0000-0000-000000000011',
   '00000000-0000-0000-0000-000000000020',
   'aaaaaaaa-0000-0000-0000-000000000305',
   550, 1925, 4.95, 0.00495, 1300, '2026-03-18 09:00:00+00'),
  (gen_random_uuid(),
   '00000000-0000-0000-0000-000000000001',
   '00000000-0000-0000-0000-000000000011',
   '00000000-0000-0000-0000-000000000020',
   'aaaaaaaa-0000-0000-0000-000000000305',
   552, 1923, 4.95, 0.00495, 1280, '2026-03-23 14:00:00+00');

-- ══════════════════════════════════════════════
-- ALICE — APRIL 2026
-- 15 active days: 1,2,3,4,7,8,9,10,11,14,15,16,17,18,21
-- 7 conversations, 20 turns total
-- ══════════════════════════════════════════════

-- conv 401: Apr 1+2, 3 turns, prompt~400, completion~1600, OD~4.0
-- scu_cost per turn: (400+1600)*2.0/1000 = 4.0
INSERT INTO usage_records
  (id, tenant_id, user_id, model_config_id, conversation_id,
   prompt_tokens, completion_tokens, scu_cost, usd_cost, response_ms, request_at)
VALUES
  (gen_random_uuid(),
   '00000000-0000-0000-0000-000000000001',
   '00000000-0000-0000-0000-000000000011',
   '00000000-0000-0000-0000-000000000020',
   'aaaaaaaa-0000-0000-0000-000000000401',
   400, 1600, 4.0, 0.004, 1100, '2026-04-01 09:00:00+00'),
  (gen_random_uuid(),
   '00000000-0000-0000-0000-000000000001',
   '00000000-0000-0000-0000-000000000011',
   '00000000-0000-0000-0000-000000000020',
   'aaaaaaaa-0000-0000-0000-000000000401',
   402, 1598, 4.0, 0.004, 1090, '2026-04-01 10:30:00+00'),
  (gen_random_uuid(),
   '00000000-0000-0000-0000-000000000001',
   '00000000-0000-0000-0000-000000000011',
   '00000000-0000-0000-0000-000000000020',
   'aaaaaaaa-0000-0000-0000-000000000401',
   398, 1602, 4.0, 0.004, 1080, '2026-04-02 14:00:00+00');

-- conv 402: Apr 3+4, 4 turns, prompt~500, completion~1750, OD~3.5
-- scu_cost per turn: (500+1750)*2.0/1000 = 4.5
INSERT INTO usage_records
  (id, tenant_id, user_id, model_config_id, conversation_id,
   prompt_tokens, completion_tokens, scu_cost, usd_cost, response_ms, request_at)
VALUES
  (gen_random_uuid(),
   '00000000-0000-0000-0000-000000000001',
   '00000000-0000-0000-0000-000000000011',
   '00000000-0000-0000-0000-000000000020',
   'aaaaaaaa-0000-0000-0000-000000000402',
   500, 1750, 4.5, 0.0045, 1150, '2026-04-03 09:00:00+00'),
  (gen_random_uuid(),
   '00000000-0000-0000-0000-000000000001',
   '00000000-0000-0000-0000-000000000011',
   '00000000-0000-0000-0000-000000000020',
   'aaaaaaaa-0000-0000-0000-000000000402',
   498, 1752, 4.5, 0.0045, 1120, '2026-04-03 10:30:00+00'),
  (gen_random_uuid(),
   '00000000-0000-0000-0000-000000000001',
   '00000000-0000-0000-0000-000000000011',
   '00000000-0000-0000-0000-000000000020',
   'aaaaaaaa-0000-0000-0000-000000000402',
   502, 1748, 4.5, 0.0045, 1130, '2026-04-04 09:00:00+00'),
  (gen_random_uuid(),
   '00000000-0000-0000-0000-000000000001',
   '00000000-0000-0000-0000-000000000011',
   '00000000-0000-0000-0000-000000000020',
   'aaaaaaaa-0000-0000-0000-000000000402',
   499, 1751, 4.5, 0.0045, 1110, '2026-04-04 11:00:00+00');

-- conv 403: Apr 7+8, 3 turns, prompt~450, completion~1350, OD~3.0
-- scu_cost per turn: (450+1350)*2.0/1000 = 3.6
INSERT INTO usage_records
  (id, tenant_id, user_id, model_config_id, conversation_id,
   prompt_tokens, completion_tokens, scu_cost, usd_cost, response_ms, request_at)
VALUES
  (gen_random_uuid(),
   '00000000-0000-0000-0000-000000000001',
   '00000000-0000-0000-0000-000000000011',
   '00000000-0000-0000-0000-000000000020',
   'aaaaaaaa-0000-0000-0000-000000000403',
   450, 1350, 3.6, 0.0036, 950, '2026-04-07 09:00:00+00'),
  (gen_random_uuid(),
   '00000000-0000-0000-0000-000000000001',
   '00000000-0000-0000-0000-000000000011',
   '00000000-0000-0000-0000-000000000020',
   'aaaaaaaa-0000-0000-0000-000000000403',
   452, 1348, 3.6, 0.0036, 940, '2026-04-07 10:30:00+00'),
  (gen_random_uuid(),
   '00000000-0000-0000-0000-000000000001',
   '00000000-0000-0000-0000-000000000011',
   '00000000-0000-0000-0000-000000000020',
   'aaaaaaaa-0000-0000-0000-000000000403',
   448, 1352, 3.6, 0.0036, 960, '2026-04-08 14:00:00+00');

-- conv 404: Apr 9+10+11, 3 turns, prompt~600, completion~1800, OD~3.0
-- scu_cost per turn: (600+1800)*2.0/1000 = 4.8
INSERT INTO usage_records
  (id, tenant_id, user_id, model_config_id, conversation_id,
   prompt_tokens, completion_tokens, scu_cost, usd_cost, response_ms, request_at)
VALUES
  (gen_random_uuid(),
   '00000000-0000-0000-0000-000000000001',
   '00000000-0000-0000-0000-000000000011',
   '00000000-0000-0000-0000-000000000020',
   'aaaaaaaa-0000-0000-0000-000000000404',
   600, 1800, 4.8, 0.0048, 1200, '2026-04-09 09:00:00+00'),
  (gen_random_uuid(),
   '00000000-0000-0000-0000-000000000001',
   '00000000-0000-0000-0000-000000000011',
   '00000000-0000-0000-0000-000000000020',
   'aaaaaaaa-0000-0000-0000-000000000404',
   598, 1802, 4.8, 0.0048, 1190, '2026-04-10 10:00:00+00'),
  (gen_random_uuid(),
   '00000000-0000-0000-0000-000000000001',
   '00000000-0000-0000-0000-000000000011',
   '00000000-0000-0000-0000-000000000020',
   'aaaaaaaa-0000-0000-0000-000000000404',
   602, 1798, 4.8, 0.0048, 1210, '2026-04-11 14:00:00+00');

-- conv 405: Apr 14+15, 2 turns, prompt~700, completion~2100, OD~3.0
-- scu_cost per turn: (700+2100)*2.0/1000 = 5.6
INSERT INTO usage_records
  (id, tenant_id, user_id, model_config_id, conversation_id,
   prompt_tokens, completion_tokens, scu_cost, usd_cost, response_ms, request_at)
VALUES
  (gen_random_uuid(),
   '00000000-0000-0000-0000-000000000001',
   '00000000-0000-0000-0000-000000000011',
   '00000000-0000-0000-0000-000000000020',
   'aaaaaaaa-0000-0000-0000-000000000405',
   700, 2100, 5.6, 0.0056, 1400, '2026-04-14 09:00:00+00'),
  (gen_random_uuid(),
   '00000000-0000-0000-0000-000000000001',
   '00000000-0000-0000-0000-000000000011',
   '00000000-0000-0000-0000-000000000020',
   'aaaaaaaa-0000-0000-0000-000000000405',
   702, 2098, 5.6, 0.0056, 1380, '2026-04-15 10:30:00+00');

-- conv 406: Apr 16+17+18, 3 turns, prompt~350, completion~1400, OD~4.0
-- scu_cost per turn: (350+1400)*2.0/1000 = 3.5
INSERT INTO usage_records
  (id, tenant_id, user_id, model_config_id, conversation_id,
   prompt_tokens, completion_tokens, scu_cost, usd_cost, response_ms, request_at)
VALUES
  (gen_random_uuid(),
   '00000000-0000-0000-0000-000000000001',
   '00000000-0000-0000-0000-000000000011',
   '00000000-0000-0000-0000-000000000020',
   'aaaaaaaa-0000-0000-0000-000000000406',
   350, 1400, 3.5, 0.0035, 900, '2026-04-16 09:00:00+00'),
  (gen_random_uuid(),
   '00000000-0000-0000-0000-000000000001',
   '00000000-0000-0000-0000-000000000011',
   '00000000-0000-0000-0000-000000000020',
   'aaaaaaaa-0000-0000-0000-000000000406',
   352, 1398, 3.5, 0.0035, 890, '2026-04-17 10:00:00+00'),
  (gen_random_uuid(),
   '00000000-0000-0000-0000-000000000001',
   '00000000-0000-0000-0000-000000000011',
   '00000000-0000-0000-0000-000000000020',
   'aaaaaaaa-0000-0000-0000-000000000406',
   348, 1402, 3.5, 0.0035, 910, '2026-04-18 14:00:00+00');

-- conv 407: Apr 21, 2 turns, prompt~550, completion~1925, OD~3.5
-- scu_cost per turn: (550+1925)*2.0/1000 = 4.95
INSERT INTO usage_records
  (id, tenant_id, user_id, model_config_id, conversation_id,
   prompt_tokens, completion_tokens, scu_cost, usd_cost, response_ms, request_at)
VALUES
  (gen_random_uuid(),
   '00000000-0000-0000-0000-000000000001',
   '00000000-0000-0000-0000-000000000011',
   '00000000-0000-0000-0000-000000000020',
   'aaaaaaaa-0000-0000-0000-000000000407',
   550, 1925, 4.95, 0.00495, 1300, '2026-04-21 09:00:00+00'),
  (gen_random_uuid(),
   '00000000-0000-0000-0000-000000000001',
   '00000000-0000-0000-0000-000000000011',
   '00000000-0000-0000-0000-000000000020',
   'aaaaaaaa-0000-0000-0000-000000000407',
   552, 1923, 4.95, 0.00495, 1290, '2026-04-21 10:30:00+00');

-- ══════════════════════════════════════════════
-- BOB — APRIL 2026
-- 12 active days: 1,2,4,7,8,9,10,14,15,21,22,25
-- 5 conversations, 13 turns total
-- ══════════════════════════════════════════════

-- conv b401: Apr 1+2, 3 turns, prompt~650, completion~1300, OD~2.0
-- scu_cost per turn: (650+1300)*2.0/1000 = 3.9
INSERT INTO usage_records
  (id, tenant_id, user_id, model_config_id, conversation_id,
   prompt_tokens, completion_tokens, scu_cost, usd_cost, response_ms, request_at)
VALUES
  (gen_random_uuid(),
   '00000000-0000-0000-0000-000000000001',
   '00000000-0000-0000-0000-000000000012',
   '00000000-0000-0000-0000-000000000020',
   'bbbbbbbb-0000-0000-0000-000000000401',
   650, 1300, 3.9, 0.0039, 800, '2026-04-01 09:30:00+00'),
  (gen_random_uuid(),
   '00000000-0000-0000-0000-000000000001',
   '00000000-0000-0000-0000-000000000012',
   '00000000-0000-0000-0000-000000000020',
   'bbbbbbbb-0000-0000-0000-000000000401',
   652, 1298, 3.9, 0.0039, 810, '2026-04-01 11:00:00+00'),
  (gen_random_uuid(),
   '00000000-0000-0000-0000-000000000001',
   '00000000-0000-0000-0000-000000000012',
   '00000000-0000-0000-0000-000000000020',
   'bbbbbbbb-0000-0000-0000-000000000401',
   648, 1302, 3.9, 0.0039, 790, '2026-04-02 14:00:00+00');

-- conv b402: Apr 4+7, 2 turns, prompt~800, completion~2000, OD~2.5
-- scu_cost per turn: (800+2000)*2.0/1000 = 5.6
INSERT INTO usage_records
  (id, tenant_id, user_id, model_config_id, conversation_id,
   prompt_tokens, completion_tokens, scu_cost, usd_cost, response_ms, request_at)
VALUES
  (gen_random_uuid(),
   '00000000-0000-0000-0000-000000000001',
   '00000000-0000-0000-0000-000000000012',
   '00000000-0000-0000-0000-000000000020',
   'bbbbbbbb-0000-0000-0000-000000000402',
   800, 2000, 5.6, 0.0056, 1300, '2026-04-04 09:00:00+00'),
  (gen_random_uuid(),
   '00000000-0000-0000-0000-000000000001',
   '00000000-0000-0000-0000-000000000012',
   '00000000-0000-0000-0000-000000000020',
   'bbbbbbbb-0000-0000-0000-000000000402',
   802, 1998, 5.6, 0.0056, 1280, '2026-04-07 10:00:00+00');

-- conv b403: Apr 8+9+10, 3 turns, prompt~700, completion~1400, OD~2.0
-- scu_cost per turn: (700+1400)*2.0/1000 = 4.2
INSERT INTO usage_records
  (id, tenant_id, user_id, model_config_id, conversation_id,
   prompt_tokens, completion_tokens, scu_cost, usd_cost, response_ms, request_at)
VALUES
  (gen_random_uuid(),
   '00000000-0000-0000-0000-000000000001',
   '00000000-0000-0000-0000-000000000012',
   '00000000-0000-0000-0000-000000000020',
   'bbbbbbbb-0000-0000-0000-000000000403',
   700, 1400, 4.2, 0.0042, 900, '2026-04-08 09:00:00+00'),
  (gen_random_uuid(),
   '00000000-0000-0000-0000-000000000001',
   '00000000-0000-0000-0000-000000000012',
   '00000000-0000-0000-0000-000000000020',
   'bbbbbbbb-0000-0000-0000-000000000403',
   698, 1402, 4.2, 0.0042, 910, '2026-04-09 14:00:00+00'),
  (gen_random_uuid(),
   '00000000-0000-0000-0000-000000000001',
   '00000000-0000-0000-0000-000000000012',
   '00000000-0000-0000-0000-000000000020',
   'bbbbbbbb-0000-0000-0000-000000000403',
   702, 1398, 4.2, 0.0042, 890, '2026-04-10 10:30:00+00');

-- conv b404: Apr 14+15, 2 turns, prompt~750, completion~1875, OD~2.5
-- scu_cost per turn: (750+1875)*2.0/1000 = 5.25
INSERT INTO usage_records
  (id, tenant_id, user_id, model_config_id, conversation_id,
   prompt_tokens, completion_tokens, scu_cost, usd_cost, response_ms, request_at)
VALUES
  (gen_random_uuid(),
   '00000000-0000-0000-0000-000000000001',
   '00000000-0000-0000-0000-000000000012',
   '00000000-0000-0000-0000-000000000020',
   'bbbbbbbb-0000-0000-0000-000000000404',
   750, 1875, 5.25, 0.00525, 1250, '2026-04-14 09:00:00+00'),
  (gen_random_uuid(),
   '00000000-0000-0000-0000-000000000001',
   '00000000-0000-0000-0000-000000000012',
   '00000000-0000-0000-0000-000000000020',
   'bbbbbbbb-0000-0000-0000-000000000404',
   752, 1873, 5.25, 0.00525, 1240, '2026-04-15 10:30:00+00');

-- conv b405: Apr 21+22+25, 3 turns, prompt~650, completion~1300, OD~2.0
-- scu_cost per turn: (650+1300)*2.0/1000 = 3.9
INSERT INTO usage_records
  (id, tenant_id, user_id, model_config_id, conversation_id,
   prompt_tokens, completion_tokens, scu_cost, usd_cost, response_ms, request_at)
VALUES
  (gen_random_uuid(),
   '00000000-0000-0000-0000-000000000001',
   '00000000-0000-0000-0000-000000000012',
   '00000000-0000-0000-0000-000000000020',
   'bbbbbbbb-0000-0000-0000-000000000405',
   650, 1300, 3.9, 0.0039, 800, '2026-04-21 09:00:00+00'),
  (gen_random_uuid(),
   '00000000-0000-0000-0000-000000000001',
   '00000000-0000-0000-0000-000000000012',
   '00000000-0000-0000-0000-000000000020',
   'bbbbbbbb-0000-0000-0000-000000000405',
   652, 1298, 3.9, 0.0039, 810, '2026-04-22 14:00:00+00'),
  (gen_random_uuid(),
   '00000000-0000-0000-0000-000000000001',
   '00000000-0000-0000-0000-000000000012',
   '00000000-0000-0000-0000-000000000020',
   'bbbbbbbb-0000-0000-0000-000000000405',
   648, 1302, 3.9, 0.0039, 790, '2026-04-25 10:00:00+00');

-- ══════════════════════════════════════════════
-- ALICE — MAY 2026
-- 12 active days: 1,4,5,6,7,8,11,12,13,14,15,18
-- 8 conversations, 29 turns total
-- ══════════════════════════════════════════════

-- conv 501: May 1+4, 5 turns, prompt~400, completion~1600, OD~4.0
-- scu_cost per turn: (400+1600)*2.0/1000 = 4.0
INSERT INTO usage_records
  (id, tenant_id, user_id, model_config_id, conversation_id,
   prompt_tokens, completion_tokens, scu_cost, usd_cost, response_ms, request_at)
VALUES
  (gen_random_uuid(),
   '00000000-0000-0000-0000-000000000001',
   '00000000-0000-0000-0000-000000000011',
   '00000000-0000-0000-0000-000000000020',
   'aaaaaaaa-0000-0000-0000-000000000501',
   400, 1600, 4.0, 0.004, 1100, '2026-05-01 09:00:00+00'),
  (gen_random_uuid(),
   '00000000-0000-0000-0000-000000000001',
   '00000000-0000-0000-0000-000000000011',
   '00000000-0000-0000-0000-000000000020',
   'aaaaaaaa-0000-0000-0000-000000000501',
   402, 1598, 4.0, 0.004, 1090, '2026-05-01 10:30:00+00'),
  (gen_random_uuid(),
   '00000000-0000-0000-0000-000000000001',
   '00000000-0000-0000-0000-000000000011',
   '00000000-0000-0000-0000-000000000020',
   'aaaaaaaa-0000-0000-0000-000000000501',
   398, 1602, 4.0, 0.004, 1080, '2026-05-01 14:00:00+00'),
  (gen_random_uuid(),
   '00000000-0000-0000-0000-000000000001',
   '00000000-0000-0000-0000-000000000011',
   '00000000-0000-0000-0000-000000000020',
   'aaaaaaaa-0000-0000-0000-000000000501',
   401, 1599, 4.0, 0.004, 1070, '2026-05-04 09:00:00+00'),
  (gen_random_uuid(),
   '00000000-0000-0000-0000-000000000001',
   '00000000-0000-0000-0000-000000000011',
   '00000000-0000-0000-0000-000000000020',
   'aaaaaaaa-0000-0000-0000-000000000501',
   399, 1601, 4.0, 0.004, 1060, '2026-05-04 10:30:00+00');

-- conv 502: May 5, 3 turns, prompt~600, completion~1800, OD~3.0
-- scu_cost per turn: (600+1800)*2.0/1000 = 4.8
INSERT INTO usage_records
  (id, tenant_id, user_id, model_config_id, conversation_id,
   prompt_tokens, completion_tokens, scu_cost, usd_cost, response_ms, request_at)
VALUES
  (gen_random_uuid(),
   '00000000-0000-0000-0000-000000000001',
   '00000000-0000-0000-0000-000000000011',
   '00000000-0000-0000-0000-000000000020',
   'aaaaaaaa-0000-0000-0000-000000000502',
   600, 1800, 4.8, 0.0048, 1200, '2026-05-05 09:00:00+00'),
  (gen_random_uuid(),
   '00000000-0000-0000-0000-000000000001',
   '00000000-0000-0000-0000-000000000011',
   '00000000-0000-0000-0000-000000000020',
   'aaaaaaaa-0000-0000-0000-000000000502',
   598, 1802, 4.8, 0.0048, 1190, '2026-05-05 10:30:00+00'),
  (gen_random_uuid(),
   '00000000-0000-0000-0000-000000000001',
   '00000000-0000-0000-0000-000000000011',
   '00000000-0000-0000-0000-000000000020',
   'aaaaaaaa-0000-0000-0000-000000000502',
   602, 1798, 4.8, 0.0048, 1210, '2026-05-05 14:00:00+00');

-- conv 503: May 6+7, 4 turns, prompt~450, completion~1575, OD~3.5
-- scu_cost per turn: (450+1575)*2.0/1000 = 4.05
INSERT INTO usage_records
  (id, tenant_id, user_id, model_config_id, conversation_id,
   prompt_tokens, completion_tokens, scu_cost, usd_cost, response_ms, request_at)
VALUES
  (gen_random_uuid(),
   '00000000-0000-0000-0000-000000000001',
   '00000000-0000-0000-0000-000000000011',
   '00000000-0000-0000-0000-000000000020',
   'aaaaaaaa-0000-0000-0000-000000000503',
   450, 1575, 4.05, 0.00405, 1050, '2026-05-06 09:00:00+00'),
  (gen_random_uuid(),
   '00000000-0000-0000-0000-000000000001',
   '00000000-0000-0000-0000-000000000011',
   '00000000-0000-0000-0000-000000000020',
   'aaaaaaaa-0000-0000-0000-000000000503',
   452, 1573, 4.05, 0.00405, 1040, '2026-05-06 10:30:00+00'),
  (gen_random_uuid(),
   '00000000-0000-0000-0000-000000000001',
   '00000000-0000-0000-0000-000000000011',
   '00000000-0000-0000-0000-000000000020',
   'aaaaaaaa-0000-0000-0000-000000000503',
   448, 1577, 4.05, 0.00405, 1060, '2026-05-07 09:00:00+00'),
  (gen_random_uuid(),
   '00000000-0000-0000-0000-000000000001',
   '00000000-0000-0000-0000-000000000011',
   '00000000-0000-0000-0000-000000000020',
   'aaaaaaaa-0000-0000-0000-000000000503',
   451, 1574, 4.05, 0.00405, 1030, '2026-05-07 11:00:00+00');

-- conv 504: May 8, 2 turns, prompt~800, completion~2000, OD~2.5
-- scu_cost per turn: (800+2000)*2.0/1000 = 5.6
INSERT INTO usage_records
  (id, tenant_id, user_id, model_config_id, conversation_id,
   prompt_tokens, completion_tokens, scu_cost, usd_cost, response_ms, request_at)
VALUES
  (gen_random_uuid(),
   '00000000-0000-0000-0000-000000000001',
   '00000000-0000-0000-0000-000000000011',
   '00000000-0000-0000-0000-000000000020',
   'aaaaaaaa-0000-0000-0000-000000000504',
   800, 2000, 5.6, 0.0056, 1400, '2026-05-08 09:00:00+00'),
  (gen_random_uuid(),
   '00000000-0000-0000-0000-000000000001',
   '00000000-0000-0000-0000-000000000011',
   '00000000-0000-0000-0000-000000000020',
   'aaaaaaaa-0000-0000-0000-000000000504',
   802, 1998, 5.6, 0.0056, 1380, '2026-05-08 10:30:00+00');

-- conv 505: May 11+12+13, 6 turns, prompt~400, completion~1200, OD~3.0
-- scu_cost per turn: (400+1200)*2.0/1000 = 3.2
INSERT INTO usage_records
  (id, tenant_id, user_id, model_config_id, conversation_id,
   prompt_tokens, completion_tokens, scu_cost, usd_cost, response_ms, request_at)
VALUES
  (gen_random_uuid(),
   '00000000-0000-0000-0000-000000000001',
   '00000000-0000-0000-0000-000000000011',
   '00000000-0000-0000-0000-000000000020',
   'aaaaaaaa-0000-0000-0000-000000000505',
   400, 1200, 3.2, 0.0032, 850, '2026-05-11 09:00:00+00'),
  (gen_random_uuid(),
   '00000000-0000-0000-0000-000000000001',
   '00000000-0000-0000-0000-000000000011',
   '00000000-0000-0000-0000-000000000020',
   'aaaaaaaa-0000-0000-0000-000000000505',
   402, 1198, 3.2, 0.0032, 840, '2026-05-11 10:30:00+00'),
  (gen_random_uuid(),
   '00000000-0000-0000-0000-000000000001',
   '00000000-0000-0000-0000-000000000011',
   '00000000-0000-0000-0000-000000000020',
   'aaaaaaaa-0000-0000-0000-000000000505',
   398, 1202, 3.2, 0.0032, 860, '2026-05-12 09:00:00+00'),
  (gen_random_uuid(),
   '00000000-0000-0000-0000-000000000001',
   '00000000-0000-0000-0000-000000000011',
   '00000000-0000-0000-0000-000000000020',
   'aaaaaaaa-0000-0000-0000-000000000505',
   401, 1199, 3.2, 0.0032, 845, '2026-05-12 11:00:00+00'),
  (gen_random_uuid(),
   '00000000-0000-0000-0000-000000000001',
   '00000000-0000-0000-0000-000000000011',
   '00000000-0000-0000-0000-000000000020',
   'aaaaaaaa-0000-0000-0000-000000000505',
   399, 1201, 3.2, 0.0032, 855, '2026-05-13 09:00:00+00'),
  (gen_random_uuid(),
   '00000000-0000-0000-0000-000000000001',
   '00000000-0000-0000-0000-000000000011',
   '00000000-0000-0000-0000-000000000020',
   'aaaaaaaa-0000-0000-0000-000000000505',
   400, 1200, 3.2, 0.0032, 850, '2026-05-13 14:00:00+00');

-- conv 506: May 14, 2 turns, prompt~700, completion~2450, OD~3.5
-- scu_cost per turn: (700+2450)*2.0/1000 = 6.3
INSERT INTO usage_records
  (id, tenant_id, user_id, model_config_id, conversation_id,
   prompt_tokens, completion_tokens, scu_cost, usd_cost, response_ms, request_at)
VALUES
  (gen_random_uuid(),
   '00000000-0000-0000-0000-000000000001',
   '00000000-0000-0000-0000-000000000011',
   '00000000-0000-0000-0000-000000000020',
   'aaaaaaaa-0000-0000-0000-000000000506',
   700, 2450, 6.3, 0.0063, 1500, '2026-05-14 09:00:00+00'),
  (gen_random_uuid(),
   '00000000-0000-0000-0000-000000000001',
   '00000000-0000-0000-0000-000000000011',
   '00000000-0000-0000-0000-000000000020',
   'aaaaaaaa-0000-0000-0000-000000000506',
   702, 2448, 6.3, 0.0063, 1490, '2026-05-14 10:30:00+00');

-- conv 507: May 15, 3 turns, prompt~350, completion~1400, OD~4.0
-- scu_cost per turn: (350+1400)*2.0/1000 = 3.5
INSERT INTO usage_records
  (id, tenant_id, user_id, model_config_id, conversation_id,
   prompt_tokens, completion_tokens, scu_cost, usd_cost, response_ms, request_at)
VALUES
  (gen_random_uuid(),
   '00000000-0000-0000-0000-000000000001',
   '00000000-0000-0000-0000-000000000011',
   '00000000-0000-0000-0000-000000000020',
   'aaaaaaaa-0000-0000-0000-000000000507',
   350, 1400, 3.5, 0.0035, 900, '2026-05-15 09:00:00+00'),
  (gen_random_uuid(),
   '00000000-0000-0000-0000-000000000001',
   '00000000-0000-0000-0000-000000000011',
   '00000000-0000-0000-0000-000000000020',
   'aaaaaaaa-0000-0000-0000-000000000507',
   352, 1398, 3.5, 0.0035, 890, '2026-05-15 10:30:00+00'),
  (gen_random_uuid(),
   '00000000-0000-0000-0000-000000000001',
   '00000000-0000-0000-0000-000000000011',
   '00000000-0000-0000-0000-000000000020',
   'aaaaaaaa-0000-0000-0000-000000000507',
   348, 1402, 3.5, 0.0035, 910, '2026-05-15 14:00:00+00');

-- conv 508: May 18, 2 turns, prompt~600, completion~1800, OD~3.0
-- scu_cost per turn: (600+1800)*2.0/1000 = 4.8
INSERT INTO usage_records
  (id, tenant_id, user_id, model_config_id, conversation_id,
   prompt_tokens, completion_tokens, scu_cost, usd_cost, response_ms, request_at)
VALUES
  (gen_random_uuid(),
   '00000000-0000-0000-0000-000000000001',
   '00000000-0000-0000-0000-000000000011',
   '00000000-0000-0000-0000-000000000020',
   'aaaaaaaa-0000-0000-0000-000000000508',
   600, 1800, 4.8, 0.0048, 1200, '2026-05-18 09:00:00+00'),
  (gen_random_uuid(),
   '00000000-0000-0000-0000-000000000001',
   '00000000-0000-0000-0000-000000000011',
   '00000000-0000-0000-0000-000000000020',
   'aaaaaaaa-0000-0000-0000-000000000508',
   602, 1798, 4.8, 0.0048, 1190, '2026-05-18 10:30:00+00');

-- ══════════════════════════════════════════════
-- BOB — MAY 2026
-- 10 active days: 4,5,6,7,8,11,12,13,14,15
-- 6 conversations, 16 turns total
-- ══════════════════════════════════════════════

-- conv b501: May 4+5, 3 turns, prompt~650, completion~1300, OD~2.0
-- scu_cost per turn: (650+1300)*2.0/1000 = 3.9
INSERT INTO usage_records
  (id, tenant_id, user_id, model_config_id, conversation_id,
   prompt_tokens, completion_tokens, scu_cost, usd_cost, response_ms, request_at)
VALUES
  (gen_random_uuid(),
   '00000000-0000-0000-0000-000000000001',
   '00000000-0000-0000-0000-000000000012',
   '00000000-0000-0000-0000-000000000020',
   'bbbbbbbb-0000-0000-0000-000000000501',
   650, 1300, 3.9, 0.0039, 800, '2026-05-04 09:00:00+00'),
  (gen_random_uuid(),
   '00000000-0000-0000-0000-000000000001',
   '00000000-0000-0000-0000-000000000012',
   '00000000-0000-0000-0000-000000000020',
   'bbbbbbbb-0000-0000-0000-000000000501',
   652, 1298, 3.9, 0.0039, 810, '2026-05-04 10:30:00+00'),
  (gen_random_uuid(),
   '00000000-0000-0000-0000-000000000001',
   '00000000-0000-0000-0000-000000000012',
   '00000000-0000-0000-0000-000000000020',
   'bbbbbbbb-0000-0000-0000-000000000501',
   648, 1302, 3.9, 0.0039, 790, '2026-05-05 14:00:00+00');

-- conv b502: May 6, 2 turns, prompt~800, completion~2000, OD~2.5
-- scu_cost per turn: (800+2000)*2.0/1000 = 5.6
INSERT INTO usage_records
  (id, tenant_id, user_id, model_config_id, conversation_id,
   prompt_tokens, completion_tokens, scu_cost, usd_cost, response_ms, request_at)
VALUES
  (gen_random_uuid(),
   '00000000-0000-0000-0000-000000000001',
   '00000000-0000-0000-0000-000000000012',
   '00000000-0000-0000-0000-000000000020',
   'bbbbbbbb-0000-0000-0000-000000000502',
   800, 2000, 5.6, 0.0056, 1300, '2026-05-06 09:00:00+00'),
  (gen_random_uuid(),
   '00000000-0000-0000-0000-000000000001',
   '00000000-0000-0000-0000-000000000012',
   '00000000-0000-0000-0000-000000000020',
   'bbbbbbbb-0000-0000-0000-000000000502',
   802, 1998, 5.6, 0.0056, 1280, '2026-05-06 10:30:00+00');

-- conv b503: May 7+8, 4 turns, prompt~700, completion~1400, OD~2.0
-- scu_cost per turn: (700+1400)*2.0/1000 = 4.2
INSERT INTO usage_records
  (id, tenant_id, user_id, model_config_id, conversation_id,
   prompt_tokens, completion_tokens, scu_cost, usd_cost, response_ms, request_at)
VALUES
  (gen_random_uuid(),
   '00000000-0000-0000-0000-000000000001',
   '00000000-0000-0000-0000-000000000012',
   '00000000-0000-0000-0000-000000000020',
   'bbbbbbbb-0000-0000-0000-000000000503',
   700, 1400, 4.2, 0.0042, 900, '2026-05-07 09:00:00+00'),
  (gen_random_uuid(),
   '00000000-0000-0000-0000-000000000001',
   '00000000-0000-0000-0000-000000000012',
   '00000000-0000-0000-0000-000000000020',
   'bbbbbbbb-0000-0000-0000-000000000503',
   698, 1402, 4.2, 0.0042, 910, '2026-05-07 10:30:00+00'),
  (gen_random_uuid(),
   '00000000-0000-0000-0000-000000000001',
   '00000000-0000-0000-0000-000000000012',
   '00000000-0000-0000-0000-000000000020',
   'bbbbbbbb-0000-0000-0000-000000000503',
   702, 1398, 4.2, 0.0042, 890, '2026-05-08 09:00:00+00'),
  (gen_random_uuid(),
   '00000000-0000-0000-0000-000000000001',
   '00000000-0000-0000-0000-000000000012',
   '00000000-0000-0000-0000-000000000020',
   'bbbbbbbb-0000-0000-0000-000000000503',
   699, 1401, 4.2, 0.0042, 895, '2026-05-08 11:00:00+00');

-- conv b504: May 11, 2 turns, prompt~900, completion~2250, OD~2.5
-- scu_cost per turn: (900+2250)*2.0/1000 = 6.3
INSERT INTO usage_records
  (id, tenant_id, user_id, model_config_id, conversation_id,
   prompt_tokens, completion_tokens, scu_cost, usd_cost, response_ms, request_at)
VALUES
  (gen_random_uuid(),
   '00000000-0000-0000-0000-000000000001',
   '00000000-0000-0000-0000-000000000012',
   '00000000-0000-0000-0000-000000000020',
   'bbbbbbbb-0000-0000-0000-000000000504',
   900, 2250, 6.3, 0.0063, 1500, '2026-05-11 09:00:00+00'),
  (gen_random_uuid(),
   '00000000-0000-0000-0000-000000000001',
   '00000000-0000-0000-0000-000000000012',
   '00000000-0000-0000-0000-000000000020',
   'bbbbbbbb-0000-0000-0000-000000000504',
   902, 2248, 6.3, 0.0063, 1490, '2026-05-11 10:30:00+00');

-- conv b505: May 12+13+14, 3 turns, prompt~700, completion~1400, OD~2.0
-- scu_cost per turn: (700+1400)*2.0/1000 = 4.2
INSERT INTO usage_records
  (id, tenant_id, user_id, model_config_id, conversation_id,
   prompt_tokens, completion_tokens, scu_cost, usd_cost, response_ms, request_at)
VALUES
  (gen_random_uuid(),
   '00000000-0000-0000-0000-000000000001',
   '00000000-0000-0000-0000-000000000012',
   '00000000-0000-0000-0000-000000000020',
   'bbbbbbbb-0000-0000-0000-000000000505',
   700, 1400, 4.2, 0.0042, 900, '2026-05-12 09:00:00+00'),
  (gen_random_uuid(),
   '00000000-0000-0000-0000-000000000001',
   '00000000-0000-0000-0000-000000000012',
   '00000000-0000-0000-0000-000000000020',
   'bbbbbbbb-0000-0000-0000-000000000505',
   698, 1402, 4.2, 0.0042, 910, '2026-05-13 14:00:00+00'),
  (gen_random_uuid(),
   '00000000-0000-0000-0000-000000000001',
   '00000000-0000-0000-0000-000000000012',
   '00000000-0000-0000-0000-000000000020',
   'bbbbbbbb-0000-0000-0000-000000000505',
   702, 1398, 4.2, 0.0042, 890, '2026-05-14 10:00:00+00');

-- conv b506: May 15, 2 turns, prompt~650, completion~1625, OD~2.5
-- scu_cost per turn: (650+1625)*2.0/1000 = 4.55
INSERT INTO usage_records
  (id, tenant_id, user_id, model_config_id, conversation_id,
   prompt_tokens, completion_tokens, scu_cost, usd_cost, response_ms, request_at)
VALUES
  (gen_random_uuid(),
   '00000000-0000-0000-0000-000000000001',
   '00000000-0000-0000-0000-000000000012',
   '00000000-0000-0000-0000-000000000020',
   'bbbbbbbb-0000-0000-0000-000000000506',
   650, 1625, 4.55, 0.00455, 1150, '2026-05-15 09:00:00+00'),
  (gen_random_uuid(),
   '00000000-0000-0000-0000-000000000001',
   '00000000-0000-0000-0000-000000000012',
   '00000000-0000-0000-0000-000000000020',
   'bbbbbbbb-0000-0000-0000-000000000506',
   652, 1623, 4.55, 0.00455, 1140, '2026-05-15 10:30:00+00');

-- NOTE: efficiency_snapshots seed data was removed — that table belonged to the
-- retired KPI feature and is dropped by 016_drop_kpi_tables.sql.

-- ─────────────────────────────────────────────
-- TENANT 2: Beta Corp (isolation test)
-- ─────────────────────────────────────────────
INSERT INTO tenants (id, name, plan) VALUES
  ('00000000-0000-0000-0000-000000000002', 'Beta Corp', 'api_key')
ON CONFLICT (id) DO NOTHING;

INSERT INTO users (id, tenant_id, name, email, auth_type, api_key_hash, quota_scu, role, job_role, department)
VALUES
  (
    '00000000-0000-0000-0000-000000000013',
    '00000000-0000-0000-0000-000000000002',
    'Carol Admin', 'carol@beta.com', 'api_key',
    encode(sha256('totra-emp-dev-carol-key'), 'hex'),
    999999, 'admin', 'engineering-manager', 'platform'
  ),
  (
    '00000000-0000-0000-0000-000000000014',
    '00000000-0000-0000-0000-000000000002',
    'Dave Engineer', 'dave@beta.com', 'api_key',
    encode(sha256('totra-emp-dev-dave-key'), 'hex'),
    50000, 'standard', 'engineer', 'backend'
  )
ON CONFLICT (id) DO NOTHING;

INSERT INTO model_configs (id, tenant_id, name, provider, api_key_encrypted, base_url, scu_rate)
VALUES (
  '00000000-0000-0000-0000-000000000021',
  '00000000-0000-0000-0000-000000000002',
  'claude-3.5-sonnet', 'anthropic', 'dev-anthropic-key',
  'https://api.anthropic.com/v1', 1.5
)
ON CONFLICT (id) DO NOTHING;

-- Dave — 10 active days in May 2026 across 5 conversations
-- conv d5001: May 4+5, 3 turns, OD~3.0
INSERT INTO usage_records
  (id, tenant_id, user_id, model_config_id, conversation_id,
   prompt_tokens, completion_tokens, scu_cost, usd_cost, response_ms, request_at)
VALUES
  (gen_random_uuid(), '00000000-0000-0000-0000-000000000002',
   '00000000-0000-0000-0000-000000000014', '00000000-0000-0000-0000-000000000021',
   'dddddddd-0000-0000-0000-000000000501',
   500, 1500, 3.0, 0.003, 900, '2026-05-04 09:00:00+00'),
  (gen_random_uuid(), '00000000-0000-0000-0000-000000000002',
   '00000000-0000-0000-0000-000000000014', '00000000-0000-0000-0000-000000000021',
   'dddddddd-0000-0000-0000-000000000501',
   480, 1440, 2.88, 0.00288, 880, '2026-05-04 10:30:00+00'),
  (gen_random_uuid(), '00000000-0000-0000-0000-000000000002',
   '00000000-0000-0000-0000-000000000014', '00000000-0000-0000-0000-000000000021',
   'dddddddd-0000-0000-0000-000000000501',
   510, 1530, 3.06, 0.00306, 920, '2026-05-05 14:00:00+00'),
-- conv d5002: May 6+7, 2 turns, OD~3.5
  (gen_random_uuid(), '00000000-0000-0000-0000-000000000002',
   '00000000-0000-0000-0000-000000000014', '00000000-0000-0000-0000-000000000021',
   'dddddddd-0000-0000-0000-000000000502',
   400, 1400, 2.7, 0.0027, 850, '2026-05-06 09:00:00+00'),
  (gen_random_uuid(), '00000000-0000-0000-0000-000000000002',
   '00000000-0000-0000-0000-000000000014', '00000000-0000-0000-0000-000000000021',
   'dddddddd-0000-0000-0000-000000000502',
   420, 1470, 2.835, 0.002835, 870, '2026-05-07 11:00:00+00'),
-- conv d5003: May 8+11, 4 turns, OD~2.5
  (gen_random_uuid(), '00000000-0000-0000-0000-000000000002',
   '00000000-0000-0000-0000-000000000014', '00000000-0000-0000-0000-000000000021',
   'dddddddd-0000-0000-0000-000000000503',
   700, 1750, 3.675, 0.003675, 1000, '2026-05-08 09:00:00+00'),
  (gen_random_uuid(), '00000000-0000-0000-0000-000000000002',
   '00000000-0000-0000-0000-000000000014', '00000000-0000-0000-0000-000000000021',
   'dddddddd-0000-0000-0000-000000000503',
   680, 1700, 3.57, 0.00357, 980, '2026-05-08 10:30:00+00'),
  (gen_random_uuid(), '00000000-0000-0000-0000-000000000002',
   '00000000-0000-0000-0000-000000000014', '00000000-0000-0000-0000-000000000021',
   'dddddddd-0000-0000-0000-000000000503',
   720, 1800, 3.78, 0.00378, 1020, '2026-05-11 09:00:00+00'),
  (gen_random_uuid(), '00000000-0000-0000-0000-000000000002',
   '00000000-0000-0000-0000-000000000014', '00000000-0000-0000-0000-000000000021',
   'dddddddd-0000-0000-0000-000000000503',
   690, 1725, 3.6225, 0.0036225, 990, '2026-05-11 11:00:00+00'),
-- conv d5004: May 12+13, 3 turns, OD~3.0
  (gen_random_uuid(), '00000000-0000-0000-0000-000000000002',
   '00000000-0000-0000-0000-000000000014', '00000000-0000-0000-0000-000000000021',
   'dddddddd-0000-0000-0000-000000000504',
   550, 1650, 3.3, 0.0033, 950, '2026-05-12 09:00:00+00'),
  (gen_random_uuid(), '00000000-0000-0000-0000-000000000002',
   '00000000-0000-0000-0000-000000000014', '00000000-0000-0000-0000-000000000021',
   'dddddddd-0000-0000-0000-000000000504',
   540, 1620, 3.24, 0.00324, 930, '2026-05-12 10:30:00+00'),
  (gen_random_uuid(), '00000000-0000-0000-0000-000000000002',
   '00000000-0000-0000-0000-000000000014', '00000000-0000-0000-0000-000000000021',
   'dddddddd-0000-0000-0000-000000000504',
   560, 1680, 3.36, 0.00336, 970, '2026-05-13 14:00:00+00'),
-- conv d5005: May 14+15, 2 turns, OD~4.0
  (gen_random_uuid(), '00000000-0000-0000-0000-000000000002',
   '00000000-0000-0000-0000-000000000014', '00000000-0000-0000-0000-000000000021',
   'dddddddd-0000-0000-0000-000000000505',
   400, 1600, 3.0, 0.003, 900, '2026-05-14 09:00:00+00'),
  (gen_random_uuid(), '00000000-0000-0000-0000-000000000002',
   '00000000-0000-0000-0000-000000000014', '00000000-0000-0000-0000-000000000021',
   'dddddddd-0000-0000-0000-000000000505',
   410, 1640, 3.075, 0.003075, 910, '2026-05-15 11:00:00+00');
